vessel_id,registry_craft_code
1,2111929706
2,END
3,2103733967
4,2101598783
5,2100848266
6,2099678900
7,2098282982
8,2098278268
9,2097055927
10,2095602772
11,2095584406
12,2081111734
13,2078057370
14,2073963909
15,2073761092
16,2067576932
17,1997146666
18,1978878309
19,1972496026
20,1906242350
21,1896915247
22,1882261672
23,1850452968
24,1828359696
25,1823726225
26,1690151765
27,1652536185
28,1651428064
29,1651057521
30,1614691402
31,1614338189
32,1593034911
33,1568681381
34,5158
35,5400
36,6224
37,6317
38,8178
39,8858
40,16120
41,1231899
42,1232224
43,1264369
44,2267600
45,2268424
46,3823883
47,6304183
48,6969214
49,6998247
50,13204814
51,17696880
52,21428133
53,31966392
54,32411022
55,33710375
56,51666898
57,56660617
58,62935715
59,68372833
60,69024927
61,71327631
62,80483491
63,81094642
64,94706916
65,98230774
66,101607926
67,124018568
68,133291439
69,134551666
70,142392674
71,147766213
72,186848349
73,195404345
74,211012408
75,213528269
76,238533984
77,241436690
78,278405962
79,283718524
80,294303839
81,298777342
82,299905849
83,309513318
84,329858920
85,381463651
86,392681394
87,396938598
88,409882486
89,415048233
90,423173106
91,431089213
92,461089385
93,482336801
94,497962342
95,519418185
96,551006032
97,591468419
98,593453862
99,598031009
100,598050350
101,599531224
102,600688508
103,602208633
104,641534938
105,645113531
106,704986894
107,744529067
108,776204540
109,777112208
110,788118231
111,837314399
112,922993375
113,940213905
114,947248525
115,957632912
116,1021589479
117,1063021716
118,1068122691
119,1068127460
120,1071637843
121,1071637958
122,1075265258
123,1088511114
124,1099370042
125,1117365174
126,1153108058
127,1181279253
128,1190157220
129,1197306809
130,1241285586
131,1260961171
132,1272784778
133,1274726756
134,1305540111
135,1327266507
136,1364051789
137,1367677637
138,1368424523
139,1372496119
140,1381111540
141,1382038311
142,1391442251
143,1419538993
144,1456844300
145,1474852447
146,1475786532
147,1478380863
148,1479033159
149,1494487618
150,1495627644
151,1520321660
152,1551112156
153,1559920622
154,1575950171
155,1605758126
156,1607582370
157,1622558095
158,1633887096
159,1663651413
160,1687885499
161,1689310925
162,1693454465
163,1770501304
164,1791689450
165,1815523321
166,1907566592
167,1911617412
168,1935136492
169,1943761028
170,1950551301
171,2060620353
172,2060708960
173,2079751672
174,2092354231
175,2136288535
176,2138571255
177,2761009775
178,2801774404
179,2833356327
180,2875564891
181,2905964523
182,2957815608
183,2985920002
184,2989819657
185,3002692680
186,3089600688
187,3103255166
188,3121532741
189,3225044101
190,3225545214
191,3370431041
192,3426373929
193,3435794655
194,3444964911
195,3451541484
196,3456106315
197,3501240013
198,3513096979
199,3528754962
200,3530673085
201,3540551355
202,3555193780
203,3585421446
204,3625914666
205,3626204706
206,3668760565
207,3728848838
208,3791625050
209,3850282874
210,4061791363
211,4068128023
212,4082061143
213,4091265252
214,4108510898
215,4222340473
216,4287065908
217,4426948940
218,4442610645
219,4703279612
220,4704346993
221,4731748349
222,4832359846
223,4926231485
224,4960131816
225,4976303158
226,4997193968
227,5131093924
228,5134699964
229,5244417341
230,5333230520
231,5536969319
232,5575484819
233,5659344305
234,5767545614
235,6018917368
236,6086263598
237,6101443783
238,6302639780
239,6378861718
240,6777812056
241,6786730677
242,6816259050
243,6816398112
244,6845827570
245,6947770973
246,6975965966
247,7241776726
248,7242592341
249,7253358987
250,7379874219
251,7524802103
252,7567280408
253,7618815424
254,7935886861
255,8018673300
256,8119473396
257,8406615555
258,8568232416
259,8570561133
260,8651723069
261,8737009650
262,8792360699
263,8825932805
264,8837862901
265,9010226658
266,9117280083
267,9262585618
268,9487454781
269,9645536515
270,10469984704
271,10674816731
272,10972040427
273,11017579535
274,11187106944
275,11211883296
276,11225942818
277,11485511838
278,11701240601
279,11789446410
280,11810161008
281,11850684584
282,11937569896
283,11957512828
284,12131264895
285,12194310290
286,12269490863
287,12298710586
288,12437714170
289,12759201401
290,13122529521
291,13160354237
292,13168202532
293,13234787411
294,13270777237
295,13403665940
296,13561067656
297,13615251209
298,13673376832
299,13766739340
300,2140735270
301,2108182260
302,2092718743
303,2055085260
304,2043170135
305,2028579929
306,2006757445
307,1983056670
308,1980031513
309,1918180271
310,1860976667
311,1856645997
312,1845704296
313,1802568941
314,1721820972
315,1681626598
316,1593413794
317,1567561259
318,4544
319,6683
320,7685
321,8083
322,8737
323,8983
324,13146
325,13870
326,108487
327,273379
328,478729
329,1861123
330,1861312
331,2628600
332,9856238
333,10776827
334,21439713
335,35445286
336,40794318
337,71529430
338,80129715
339,86329856
340,90183162
341,98117069
342,102399984
343,104788958
344,114866446
345,123627041
346,124519444
347,128134867
348,170964064
349,188200644
350,194658721
351,203579080
352,217116061
353,225002632
354,260281027
355,317231710
356,360910417
357,361986029
358,402248886
359,430610780
360,528550646
361,543418353
362,600956496
363,602927854
364,785709458
365,798956394
366,802950293
367,810897853
368,834334752
369,854675811
370,866069543
371,893303808
372,946752936
373,965050542
374,985025996
375,994891366
376,1000718682
377,1000828301
378,1003561479
379,1004650683
380,1006537219
381,1056180558
382,1057907993
383,1071863801
384,1103336549
385,1122885629
386,1150204173
387,1161212110
388,1195096057
389,1197234778
390,1206647308
391,1287343836
392,1313565646
393,1367265315
394,1371856760
395,1446939598
396,1470207932
397,1494491206
398,1510409227
399,1528513886
400,1531847865
401,1561958382
402,1598530294
403,1600587790
404,1673553272
405,1716367908
406,1768515390
407,1802427120
408,1839773425
409,1861481143
410,1884247361
411,1990258969
412,2064212459
413,2078760239
414,2105627784
415,2129486409
416,2766460251
417,2847047176
418,2933448793
419,2982449886
420,3072404010
421,3135928465
422,3137630875
423,3141388715
424,3247975388
425,3277559596
426,3286579208
427,3364312373
428,3385189472
429,3663845591
430,3810279714
431,3952887148
432,4037972920
433,4222329520
434,4283145053
435,4352624844
436,4378484875
437,4688258588
438,4749513966
439,4765342128
440,4818580153
441,4822502608
442,4854078088
443,4920643570
444,5224911739
445,5231515943
446,5250856010
447,5290506924
448,5376510496
449,5438978372
450,5689664994
451,5737385153
452,5868565533
453,5956653227
454,2138074829
455,2119181398
456,2091486670
457,2085655264
458,2073879201
459,2068797612
460,2059827892
461,2056028225
462,2055340297
463,2050060518
464,1999254466
465,1992244408
466,1952184678
467,1940207605
468,1924949441
469,1903046831
470,1901959894
471,1806106822
472,1775828266
473,1672231783
474,1642437057
475,1604055645
476,4858
477,12959
478,14179
479,14817
480,1077931
481,2268199
482,2304712
483,3454469
484,7265461
485,8772861
486,13205682
487,16429890
488,17146414
489,21404053
490,27479337
491,31943529
492,33326329
493,46081823
494,46361216
495,51426038
496,56894545
497,80938738
498,89422622
499,93050747
500,102736682
501,107067661
502,117406740
503,119703650
504,123600715
505,135460516
506,179571006
507,191071372
508,241382269
509,257983557
510,294643667
511,315264365
512,338878325
513,367344113
514,427932788
515,474567089
516,503119673
517,517316189
518,517490690
519,572978243
520,603536215
521,608044155
522,685406695
523,697464252
524,703805638
525,712404430
526,712766368
527,761787882
528,808362966
529,914008745
530,939497067
531,992500170
532,993908911
533,994013452
534,1000364782
535,1013183194
536,1023653087
537,1033458766
538,1068126175
539,1068378899
540,1090349634
541,1093211566
542,1150205716
543,1246074000
544,1246890632
545,1247225147
546,1251333075
547,1276330217
548,1298700488
549,1321005325
550,1333796478
551,1368554866
552,1375630620
553,1379283727
554,1392400885
555,1397561207
556,1421049430
557,1449123910
558,1470447382
559,1494708660
560,1580578912
561,1626552987
562,1634228115
563,1636394534
564,1730531946
565,1850754838
566,1888740037
567,1906228281
568,1911454108
569,1937610379
570,1982956478
571,2005855753
572,2020343808
573,2076572269
574,2092102253
575,2092170956
576,2092176395
577,2121931713
578,2847467211
579,2951566683
580,2951858776
581,3050601606
582,3063151386
583,3087820252
584,3174234975
585,3213176413
586,3221739894
587,3254213080
588,3286845031
589,3305658487
590,3349755201
591,3356729070
592,3533660660
593,3607341431
594,3661234977
595,3786626662
596,3796726860
597,3920992522
598,4133725978
599,4362852070
600,4429349690
601,4601118870
602,4694066929
603,4715002104
604,4718020751
605,4782895140
606,4787078630
607,4878533788
608,5031563629
609,5070405854
610,5135433627
611,5234267725
612,5289837316
613,5391463944
614,5416379885
615,5423221676
616,5527864627
617,6109953257
618,6289638256
619,6373244185
620,6599849789
621,6836011382
622,6850150088
623,6922821645
624,6947100030
625,6992405453
626,7122784544
627,7373517403
628,7448038716
629,7608662049
630,7618370812
631,7678189846
632,7887441680
633,8034252365
634,8182493641
635,8563373765
636,8681678240
637,9012857531
638,9127240777
639,9144820378
640,9349490992
641,9363907090
642,9512515122
643,9529738736
644,9746591697
645,9890273949
646,10194904158
647,10319195951
648,10358873051
649,10361461669
650,10364414597
651,10435260642
652,10503213728
653,10571910167
654,10641362335
655,10997076929
656,11001144657
657,11069785729
658,11142832566
659,11163364110
660,11416349627
661,11432519756
662,12000266480
663,12243405211
664,12690426452
665,13349238974
666,13429936361
667,13943904203
668,14029879668
669,14210455420
670,15479529974
671,15582734302
672,15609806567
673,15641234264
674,2088737536
675,1957841893
676,1903304138
677,1900954301
678,1900507249
679,1818922273
680,1786015440
681,1785240284
682,1751447154
683,1653065560
684,1636805201
685,1633085861
686,1630067007
687,1617319145
688,1579009803
689,6046
690,8913
691,9664722
692,16465640
693,17840413
694,20873661
695,20944691
696,53357330
697,58544073
698,64086838
699,70027577
700,79675292
701,84550572
702,95409342
703,98049643
704,102287907
705,102962512
706,129767470
707,130564957
708,133012651
709,139814653
710,146135345
711,153322479
712,162893106
713,184712773
714,198398023
715,226892552
716,257232593
717,288228722
718,339435268
719,345217616
720,351313528
721,421709675
722,510679981
723,514330187
724,514359860
725,521144935
726,542185835
727,597951244
728,600186625
729,601204739
730,603304965
731,603718816
732,605401253
733,618061047
734,657826407
735,663027861
736,718049976
737,806688028
738,842857002
739,872873710
740,878920519
741,907689251
742,909597136
743,910495299
744,919037882
745,928269467
746,979817389
747,997973869
748,1051105045
749,1054564139
750,1172304498
751,1245347395
752,1246893868
753,1247667199
754,1249243999
755,1294779954
756,1309340491
757,1347127732
758,1384560974
759,1402529043
760,1411305794
761,1446652357
762,1520530509
763,1544154410
764,1554390027
765,1578955077
766,1635504756
767,1636568420
768,1641509776
769,1668029865
770,1670679064
771,1704092734
772,1872721115
773,1897328164
774,1968157299
775,1972654725
776,2065402797
777,2126800159
778,2984727185
779,2990810448
780,3129663783
781,3223864739
782,3350417894
783,3734860861
784,3769933163
785,3833372829
786,3858651345
787,4043678060
788,4127007423
789,4229142863
790,4623110242
791,4826587297
792,4932174663
793,5137914054
794,5185877158
795,5189026322
796,5756691222
797,5920888594
798,6120764421
799,6424194585
800,6613760492
801,6816135933
802,7182242891
803,7284446202
804,7372937178
805,7424625549
806,7497378594
807,7504445301
808,7854832698
809,7951605767
810,8006696889
811,8026281130
812,8053567399
813,8072637750
814,8151829334
815,8375168413
816,8528404118
817,8568247374
818,8688737908
819,8766046160
820,8929239718
821,8993916318
822,9126122883
823,9178770105
824,9366688609
825,9404798562
826,9538984258
827,9559639755
828,9999706808
829,10285353943
830,10591069475
831,10636784783
832,10944499223
833,10967160711
834,11113670994
835,11216785622
836,11226706991
837,11579493467
838,11744040047
839,11827067399
840,12042203948
841,12085408984
842,12220828529
843,12287862207
844,12375701318
845,12775368840
846,12847385180
847,13013305441
848,13033851736
849,13090369817
850,13095669734
851,13098992601
852,13143566858
853,13196964557
854,13206596960
855,13240407735
856,13284646886
857,13335728743
858,2135988159
859,2079889007
860,2042963048
861,1948119425
862,1917032307
863,1824123931
864,1628033450
865,1622022020
866,1617054286
867,1572610271
868,7807
869,12676
870,1437230
871,2267577
872,10820593
873,11150747
874,15962805
875,17911430
876,19624342
877,21356174
878,31965693
879,37150877
880,37720529
881,47901277
882,53444285
883,57998226
884,63927839
885,68429767
886,69307194
887,81893410
888,115749384
889,121634734
890,129887294
891,135938939
892,161497884
893,364723259
894,423078782
895,423652946
896,435584930
897,446138577
898,458286384
899,485726273
900,495623268
901,597666058
902,597741633
903,601560989
904,602670871
905,627011491
906,705573550
907,752791691
908,818211531
909,888691776
910,897617398
911,919233590
912,994627665
913,997125380
914,999808865
915,1002377667
916,1006775866
917,1012421837
918,1017146268
919,1032617941
920,1068147398
921,1071009960
922,1071978959
923,1096939481
924,1107382904
925,1130132740
926,1144347889
927,1149380231
928,1153380180
929,1154275417
930,1170919407
931,1249327408
932,1261626137
933,1266873748
934,1274355499
935,1286627845
936,1293920262
937,1314380516
938,1324719979
939,1325612301
940,1326005603
941,1362202013
942,1375297188
943,1384400799
944,1464318767
945,1540685358
946,1544140913
947,1561959546
948,1587531269
949,1638307122
950,1676350489
951,1725178906
952,1855894564
953,1884038512
954,1977008633
955,2002600715
956,2050242064
957,2129685500
958,2132199173
959,2144323736
960,2769307153
961,2779266850
962,2844917288
963,2925721068
964,3005805799
965,3277532801
966,3409137918
967,3520179360
968,3533147366
969,3545187873
970,3711932657
971,3718285386
972,3774364459
973,3792226065
974,3907408186
975,4104959733
976,4508627060
977,4512146429
978,4547331227
979,4781700816
980,5429612567
981,5734638421
982,5906233474
983,5968833980
984,6494705385
985,6867240567
986,6884097863
987,6885745720
988,7050275905
989,7159148851
990,7220188857
991,7270758089
992,7423507410
993,7557024588
994,7867053410
995,7956809944
996,8071667912
997,8150057389
998,8412407148
999,8567261717
1000,8860653377
1001,8885081338
1002,8980354199
1003,9007975193
1004,9344212106
1005,9351556452
1006,9464171291
1007,9473100527
1008,9517156546
1009,9690562448
1010,9979354948
1011,10253186448
1012,10566042750
1013,10776470254
1014,10864908459
1015,11517646428
1016,11673010589
1017,11886392044
1018,12474156957
1019,12765863165
1020,12796185741
1021,12840300479
1022,12847141075
1023,2106197191
1024,2100832300
1025,1936878609
1026,1905263164
1027,1881630785
1028,1842613990
1029,8673
1030,14852
1031,12251904
1032,16013101
1033,16376280
1034,21710743
1035,30400571
1036,38124653
1037,40443038
1038,60458092
1039,82320389
1040,104882843
1041,109734005
1042,114316271
1043,117461420
1044,125965147
1045,139200449
1046,159367721
1047,197146034
1048,199996093
1049,222302781
1050,253081131
1051,283094981
1052,292294855
1053,297387940
1054,299927947
1055,386175426
1056,423733947
1057,437805707
1058,461486347
1059,547804270
1060,597818230
1061,597970011
1062,601278770
1063,606102560
1064,606496755
1065,668042762
1066,686927623
1067,714663772
1068,757102011
1069,796691507
1070,839514708
1071,899216354
1072,940103066
1073,1015699176
1074,1054831158
1075,1074542768
1076,1119124959
1077,1128119876
1078,1128119896
1079,1128122639
1080,1139106127
1081,1218819725
1082,1219747454
1083,1253711954
1084,1348462228
1085,1452016241
1086,1520886576
1087,1529726033
1088,1529740738
1089,1635082695
1090,1749173770
1091,1855426295
1092,2025492673
1093,2037137071
1094,2131662400
1095,2926834162
1096,2964785784
1097,3017743665
1098,3023050182
1099,3034925418
1100,3036255551
1101,3074638255
1102,3091505062
1103,3139067470
1104,3265938286
1105,3530888769
1106,3765572863
1107,4290293450
1108,4333045062
1109,4492068000
1110,4634131805
1111,5376339147
1112,5395982598
1113,5824801036
1114,6165920152
1115,6491147404
1116,6601763857
1117,6803528641
1118,6855558418
1119,6860916040
1120,6930108153
1121,6985807146
1122,7182117334
1123,7241480589
1124,7402485699
1125,7580542545
1126,7848452960
1127,8116649222
1128,8146225622
1129,8160114712
1130,8572842368
1131,8771846709
1132,9057810992
1133,9465499660
1134,9745913253
1135,9866546451
1136,10391995785
1137,10898493819
1138,11006741586
1139,11285574593
1140,12330671142
1141,12379434876
1142,12745135916
1143,12844913046
1144,13290793048
1145,13394100448
1146,13912343441
1147,14061362933
1148,14210442628
1149,14398174299
1150,2067784076
1151,2055675483
1152,2044143395
1153,1922303699
1154,1897416360
1155,1769272581
1156,1232118
1157,1233127
1158,2467609
1159,15386752
1160,17602273
1161,18894095
1162,20909183
1163,49442423
1164,69307207
1165,69444134
1166,69524095
1167,79033795
1168,87980596
1169,112879891
1170,163587339
1171,254019224
1172,307315854
1173,351704502
1174,408293317
1175,500432365
1176,539386803
1177,573393814
1178,662028805
1179,711474391
1180,718050474
1181,757914130
1182,760048074
1183,771270925
1184,890899579
1185,891251372
1186,908360889
1187,971989356
1188,986921348
1189,1007975505
1190,1011477798
1191,1022690766
1192,1029209568
1193,1072268110
1194,1083546696
1195,1196368636
1196,1207292743
1197,1271479652
1198,1358547899
1199,1360587607
1200,1386659308
1201,1392751020
1202,1398316222
1203,1409380200
1204,1538960594
1205,1600590983
1206,1640369936
1207,1668837442
1208,1670664979
1209,1671811415
1210,1839484368
1211,1934694687
1212,1951549616
1213,1969792863
1214,2019423354
1215,2071906179
1216,2807986576
1217,2808250491
1218,3323261520
1219,3332866296
1220,3391070360
1221,3451517945
1222,3472572469
1223,3567718068
1224,3614580519
1225,3634538256
1226,3691712425
1227,3756825741
1228,3851076727
1229,3919894159
1230,4094133085
1231,4225210242
1232,4305651054
1233,4321554048
1234,4373215019
1235,4600824747
1236,6221529386
1237,6501044728
1238,6675065623
1239,7473870156
1240,7477534086
1241,7593015664
1242,7643949061
1243,7825904772
1244,8552725986
1245,8664024426
1246,9012639866
1247,9146420498
1248,9174285213
1249,9209414583
1250,9258233302
1251,9330367923
1252,9476239458
1253,9773982122
1254,10011201695
1255,10066994483
1256,10221371809
1257,10232484700
1258,10616883181
1259,10666276282
1260,10961568029
1261,11978438495
1262,12786915137
1263,13229184327
1264,13647733960
1265,13736302416
1266,13867402710
1267,14029072393
1268,14073461063
1269,14295691853
1270,2138098347
1271,2076831233
1272,2075125720
1273,2032408215
1274,2012760696
1275,2003412471
1276,1840707214
1277,1728961214
1278,1179454
1279,1232677
1280,7487912
1281,11035613
1282,13204910
1283,22576544
1284,43347491
1285,50889873
1286,70348170
1287,71303216
1288,75840359
1289,88218354
1290,90559262
1291,133074063
1292,220750822
1293,263226963
1294,307929416
1295,437603343
1296,460881254
1297,511049077
1298,514424213
1299,555944448
1300,714076139
1301,787876422
1302,849255690
1303,853282205
1304,996903067
1305,1008400050
1306,1035963892
1307,1069534947
1308,1106235192
1309,1107382558
1310,1175047357
1311,1175114928
1312,1238749434
1313,1266881141
1314,1274189959
1315,1327521286
1316,1354366293
1317,1388889412
1318,1400990871
1319,1470286604
1320,1509210539
1321,1528512496
1322,1614571604
1323,1673680867
1324,1844405057
1325,1875817562
1326,1983839224
1327,1986890298
1328,2849727204
1329,3198395937
1330,3205721474
1331,3221265903
1332,3245485587
1333,3405145274
1334,3753414775
1335,3928595284
1336,3993164722
1337,4033313812
1338,4071648853
1339,4088091431
1340,4232611222
1341,4647667775
1342,4713460444
1343,4861754589
1344,5146526900
1345,5162234254
1346,5210195871
1347,5295405646
1348,5387937907
1349,5468226796
1350,5547708963
1351,5615999212
1352,5844515890
1353,5858594616
1354,6861693755
1355,6986669028
1356,7239601553
1357,7896594964
1358,8165645239
1359,8653968500
1360,8806395443
1361,8901245175
1362,9099876788
1363,9169082380
1364,9238496562
1365,10042572584
1366,10367593159
1367,10612622062
1368,10965749893
1369,11016011493
1370,11272478137
1371,11368745760
1372,13084372342
1373,13335255108
1374,13486421840
1375,13492301519
1376,2045785217
1377,1986989770
1378,1964689696
1379,1621187476
1380,8327
1381,14434
1382,1411630
1383,19168963
1384,29112911
1385,33599795
1386,39327861
1387,39436773
1388,40940422
1389,44144770
1390,48841624
1391,80189970
1392,100064863
1393,119902780
1394,138438690
1395,159610759
1396,163721932
1397,171308042
1398,248946073
1399,397166812
1400,409882472
1401,414991461
1402,429111679
1403,469311446
1404,522204627
1405,542696890
1406,686043898
1407,784109426
1408,814721739
1409,941743105
1410,1027625358
1411,1068057138
1412,1068126037
1413,1219285236
1414,1222342170
1415,1278973592
1416,1359076032
1417,1375638533
1418,1388079496
1419,1392864430
1420,1405610864
1421,1411622831
1422,1416586590
1423,1454270005
1424,1503535610
1425,1516197301
1426,1530389770
1427,1565911097
1428,1795242622
1429,2080303916
1430,2104770761
1431,2926606081
1432,3078184913
1433,3282538572
1434,3344576172
1435,3380927558
1436,3391675549
1437,3556893055
1438,4073672386
1439,4594396278
1440,5537990288
1441,5639492059
1442,6051889871
1443,6325487447
1444,6888056829
1445,7003677429
1446,7187940075
1447,7261740964
1448,7453212976
1449,7484753752
1450,7694430944
1451,8002516471
1452,8019870860
1453,8116551250
1454,8131804276
1455,8204810173
1456,8306135214
1457,8455218976
1458,8737622893
1459,8879006667
1460,9912928170
1461,9965105466
1462,10442437742
1463,10543540628
1464,10719589764
1465,10856580612
1466,10896641120
1467,10913864012
1468,11089944781
1469,13099482737
1470,13138566002
1471,13509666585
1472,13680884871
1473,13853399855
1474,13872620314
1475,2094495850
1476,2083162376
1477,2053250656
1478,2051501735
1479,1999537618
1480,1891949906
1481,1673920837
1482,1549372019
1483,6944
1484,7203
1485,7283
1486,131546
1487,273788
1488,9383042
1489,16839223
1490,39071984
1491,41784536
1492,65498897
1493,81779330
1494,85527080
1495,97977755
1496,98308325
1497,133525780
1498,161497870
1499,228183364
1500,229199466
1501,232320531
1502,289234555
1503,310566553
1504,317408611
1505,426488816
1506,458422812
1507,483724062
1508,487608233
1509,487723483
1510,522686772
1511,586019537
1512,607007966
1513,638202112
1514,665558970
1515,682358239
1516,720391492
1517,749486569
1518,802643674
1519,810881032
1520,815573877
1521,875278475
1522,896247246
1523,899298524
1524,916651317
1525,919263946
1526,935837675
1527,935844346
1528,992495510
1529,1003332343
1530,1042877311
1531,1102054716
1532,1120017996
1533,1140690369
1534,1172530356
1535,1276613354
1536,1296396159
1537,1303088858
1538,1341355900
1539,1367678647
1540,1454714167
1541,1477860354
1542,1485823215
1543,1785200096
1544,1796826770
1545,1817541171
1546,1893661234
1547,1928288854
1548,2059431841
1549,2101814930
1550,2789334256
1551,2867171574
1552,3163425871
1553,3247727813
1554,3250528058
1555,3413957995
1556,3435132323
1557,3617710436
1558,3856255697
1559,4086338165
1560,4194733617
1561,4359805483
1562,4509168303
1563,4585022452
1564,4588037781
1565,4595162332
1566,4680144606
1567,5037349324
1568,5316624619
1569,5444370082
1570,5452697842
1571,6263652476
1572,6736751732
1573,6844804240
1574,7644309402
1575,7924635277
1576,8530957826
1577,8566772063
1578,9397764663
1579,9417317341
1580,10707539197
1581,10797467767
1582,11117933633
1583,11791903785
1584,12512677208
1585,12735768749
1586,14258029737
1587,15136417239
1588,15186857154
1589,15321547717
1590,15465011513
1591,2146531048
1592,2127938730
1593,2007331812
1594,1896082320
1595,14357
1596,1861687
1597,3330309
1598,9524206
1599,14562160
1600,16013087
1601,19961134
1602,35359763
1603,47716505
1604,51039540
1605,53589907
1606,67835199
1607,70846413
1608,78241779
1609,86347138
1610,129848046
1611,225312616
1612,236488551
1613,292465275
1614,295053249
1615,328883634
1616,353091728
1617,363327816
1618,381327931
1619,406049889
1620,428586882
1621,599007859
1622,605659048
1623,623606450
1624,769521640
1625,790246916
1626,903369320
1627,943193049
1628,973096341
1629,990033762
1630,1024938879
1631,1068128529
1632,1083196149
1633,1090402383
1634,1116471925
1635,1247060778
1636,1247322302
1637,1266964128
1638,1269334426
1639,1327081110
1640,1415778463
1641,1423800073
1642,1491980564
1643,1592606473
1644,1678902178
1645,1770527474
1646,1844597973
1647,1918377932
1648,2017407493
1649,2121933087
1650,2804138999
1651,2855006415
1652,3053444927
1653,3360591000
1654,3486671170
1655,3695848943
1656,3732780824
1657,3816728810
1658,4063033436
1659,4625845996
1660,4673931024
1661,4898869785
1662,5074052997
1663,5202044919
1664,5292646575
1665,6500274677
1666,7339636431
1667,8114499407
1668,8122672781
1669,8280294259
1670,8381493913
1671,8387842626
1672,8655590615
1673,8847709411
1674,9013028354
1675,9788051140
1676,10120341519
1677,10361259580
1678,10487411385
1679,10545761638
1680,10571194463
1681,11167058536
1682,11597565035
1683,11655304947
1684,12650745810
1685,12693953747
1686,12743669991
1687,12821945634
1688,13335758492
1689,14745356811
1690,2125139741
1691,2122447215
1692,2102425231
1693,6277
1694,7050
1695,7834
1696,3254062
1697,8962082
1698,10621742
1699,17007042
1700,40378126
1701,42616698
1702,55633921
1703,70040115
1704,92131258
1705,100773886
1706,102000359
1707,130522633
1708,151949707
1709,156498773
1710,163134909
1711,319728975
1712,384879215
1713,538375987
1714,597969947
1715,645631234
1716,647089004
1717,649566863
1718,724840738
1719,799715242
1720,829264302
1721,877277234
1722,947992015
1723,988099848
1724,1215476554
1725,1215954270
1726,1242234588
1727,1348466266
1728,1391865027
1729,1461001516
1730,1494719779
1731,1524661752
1732,1534685294
1733,1537985817
1734,1595621191
1735,1608301199
1736,1618969236
1737,1719309662
1738,1820555373
1739,1859494446
1740,1884122011
1741,1935450794
1742,2061105655
1743,2774082025
1744,2817499554
1745,3041235520
1746,3054382042
1747,3098415319
1748,3497598117
1749,3981530581
1750,4562145285
1751,4630547063
1752,4855055645
1753,5142025305
1754,5269477633
1755,5338870024
1756,5928750116
1757,6528423115
1758,7005833067
1759,7023455243
1760,7368045107
1761,7864571734
1762,8043405310
1763,8064169463
1764,8607537158
1765,8679676717
1766,9040936031
1767,9495978258
1768,9724826516
1769,10426314593
1770,10668253330
1771,10861387575
1772,11408231416
1773,11491952680
1774,11619751543
1775,12304876451
1776,14548820993
1777,14906020678
1778,1661673998
1779,82032681
1780,84658124
1781,84705645
1782,1995871909
1783,3221311970
1784,6412781848
1785,8611284657
1786,8684808066
1787,8868184932
1788,9716038406
1789,11109422222
1790,13773211925
1791,84708702
1792,5235018255
1793,14005801569
1794,1804585366
1795,10613852875
1796,3680176656
1797,4881260393
1798,6639249899
1799,1416154484
1800,984812818
1801,1000256058
1802,1068122838
1803,1604432494
1804,1679646841
1805,242695151
1806,401849228
1807,423876776
1808,443581334
1809,451661132
1810,861619288
1811,1415237817
1812,1820286212
1813,12302114
1814,14797997
1815,2855206865
1816,2861919798
1817,8204
1818,1568042768
1819,7941762116
1820,9355275638
1821,5275755338
1822,10343946875
1823,2091316809
1824,2053900941
1825,2042307690
1826,4820
1827,7120
1828,7537
1829,1233140
1830,1861955
1831,3732934
1832,12189335
1833,15420430
1834,35130520
1835,40607119
1836,80167659
1837,106534113
1838,198949772
1839,275528537
1840,357181424
1841,372848358
1842,551837873
1843,606252836
1844,744560375
1845,930273767
1846,955718693
1847,1100398869
1848,1153518282
1849,1183934528
1850,1185000201
1851,1470133969
1852,1494241346
1853,1496251119
1854,1531970420
1855,2139944443
1856,2818409082
1857,2825389379
1858,3144709569
1859,3278301746
1860,3736927252
1861,4824406157
1862,4897459409
1863,5485476919
1864,5635417051
1865,5668971369
1866,5906213243
1867,6101455265
1868,6592724278
1869,7085181736
1870,7222056773
1871,7285508809
1872,7371908012
1873,7519612469
1874,8064418564
1875,8355572831
1876,8425024225
1877,8959985497
1878,8983713912
1879,9089522164
1880,9171075483
1881,9690568521
1882,9911219044
1883,10002374975
1884,10163534912
1885,10530404003
1886,11264873865
1887,11416622114
1888,11540143782
1889,11773756732
1890,11796767505
1891,11813967023
1892,11910376387
1893,11968285191
1894,12101625286
1895,12264651845
1896,12409155355
1897,12566767836
1898,13710573719
1899,2059118155
1900,2028709039
1901,1232374
1902,78034974
1903,85457776
1904,222173626
1905,275909622
1906,324248933
1907,363935094
1908,438947477
1909,449956969
1910,602882601
1911,616226779
1912,761865653
1913,789489990
1914,854162600
1915,1032555377
1916,1073732331
1917,1079702930
1918,1080816829
1919,1101277903
1920,1188511586
1921,1188980155
1922,1193406374
1923,1207065490
1924,1258762847
1925,1291681510
1926,1447401856
1927,1647293412
1928,1686555459
1929,2054503530
1930,2129960782
1931,3045086420
1932,3236451447
1933,4319837048
1934,4412268540
1935,4443957112
1936,4638474518
1937,4992516974
1938,6055425440
1939,2106576265
1940,1911930498
1941,1900955154
1942,1626058665
1943,4661
1944,4767
1945,6984
1946,358063
1947,28444250
1948,544797157
1949,597818238
1950,599235591
1951,607873929
1952,851227573
1953,1001714702
1954,1080651931
1955,1081721067
1956,1087081010
1957,1114146095
1958,1144861445
1959,1283411603
1960,1392565682
1961,1412162611
1962,1454418769
1963,2100394924
1964,2887335742
1965,2952128054
1966,3063005626
1967,4337751589
1968,5298093864
1969,5460617435
1970,5513026988
1971,5816201552
1972,5850854967
1973,5919371676
1974,6098121635
1975,6144803583
1976,6246937653
1977,6321987196
1978,6877895215
1979,7281208203
1980,7419277658
1981,7450810053
1982,7721734811
1983,8660800019
1984,8919562021
1985,9098275543
1986,9249401827
1987,9768759234
1988,9991281683
1989,10259659271
1990,10359960823
1991,10681339602
1992,10694071239
1993,10698436443
1994,11636992975
1995,12183051704
1996,12540955313
1997,12745087549
1998,12919144783
1999,13589956191
2000,13710234274
2001,13850792050
2002,14208302076
2003,14271039222
2004,15128107676
2005,15136655263
2006,15220083314
2007,2104246893
2008,2059112927
2009,1966935842
2010,1673931032
2011,1655140973
2012,1640548012
2013,1634871707
2014,2268502
2015,7151125
2016,7968759
2017,26589900
2018,29272396
2019,42887643
2020,61471784
2021,80108240
2022,108940211
2023,211872852
2024,217985764
2025,494221326
2026,598030996
2027,599884772
2028,654468297
2029,897618676
2030,987102720
2031,1069580022
2032,1088185735
2033,1352999011
2034,1387086336
2035,1474866760
2036,1603596088
2037,3015379904
2038,3092382488
2039,4822993155
2040,5830298648
2041,6072800009
2042,6121876715
2043,6497334250
2044,7442255753
2045,7454284895
2046,8743447536
2047,9555014678
2048,10432426692
2049,10996851427
2050,11028496802
2051,11817853624
2052,12050305610
2053,12116056828
2054,12280505256
2055,12292068558
2056,2053162229
2057,1861768816
2058,8299
2059,11577529
2060,11995270
2061,17019389
2062,26351877
2063,39887531
2064,175956682
2065,260365962
2066,313789979
2067,399910814
2068,445678971
2069,534546895
2070,994088116
2071,1044392772
2072,1196678604
2073,1237766987
2074,1340226869
2075,1470254484
2076,1494727215
2077,1508868571
2078,3050599865
2079,3162062045
2080,3759118280
2081,3875541036
2082,6708287675
2083,7190278748
2084,8735361377
2085,8971791269
2086,8977211726
2087,9045421626
2088,9094726549
2089,9172492492
2090,9827044803
2091,10142422868
2092,10453045854
2093,10874316289
2094,12437612477
2095,12606118355
2096,12667141024
2097,12810074580
2098,12969040719
2099,13019845588
2100,13042491593
2101,2012250966
2102,1621200656
2103,17202552
2104,39557930
2105,75260310
2106,943366017
2107,1004957320
2108,1063021996
2109,1219749115
2110,1833434204
2111,1844366167
2112,1923164207
2113,1998072122
2114,3737355198
2115,5603317066
2116,6533432993
2117,7651692826
2118,7760228869
2119,7882370453
2120,8990175631
2121,10189129786
2122,10400658057
2123,10437633065
2124,10655255455
2125,12214150285
2126,12887381146
2127,13682260362
2128,13830925963
2129,14007646588
2130,14180031076
2131,14335343566
2132,14527501443
2133,1890012369
2134,5131
2135,461675
2136,10292482
2137,46368949
2138,110062955
2139,126784874
2140,196810421
2141,817962609
2142,880031607
2143,1746103824
2144,5854851842
2145,6165919948
2146,8244017194
2147,8890596088
2148,10816226376
2149,12067453165
2150,12341509016
2151,13238927197
2152,13443669166
2153,2089431511
2154,2079803093
2155,1678551513
2156,1649580211
2157,8709
2158,19948816
2159,119939446
2160,140449708
2161,280124125
2162,332898474
2163,598050179
2164,674730382
2165,875565617
2166,1292611023
2167,1676351151
2168,1856474910
2169,8122542579
2170,8862968416
2171,8948744446
2172,9004064213
2173,9600506569
2174,11172646748
2175,11398773716
2176,12489594532
2177,13481201212
2178,2108891452
2179,103461
2180,1233287
2181,101456511
2182,598874714
2183,736973219
2184,1076701209
2185,1441165706
2186,1669168647
2187,3500032367
2188,6665434654
2189,7302985614
2190,7389960278
2191,9487409242
2192,9997301632
2193,10612147089
2194,11420143078
2195,11684826925
2196,12160364220
2197,12401283248
2198,12764964183
2199,14063332158
2200,2111895096
2201,2056005257
2202,1944386568
2203,1915349325
2204,1715772579
2205,1585523750
2206,1550746545
2207,1548838783
2208,1233174
2209,128009913
2210,192011192
2211,491427266
2212,529763397
2213,598031065
2214,603127972
2215,608668026
2216,718527613
2217,947326892
2218,1201266098
2219,1455986212
2220,1621776422
2221,1622240157
2222,1667131291
2223,1692496764
2224,1777161100
2225,1910856484
2226,4487186649
2227,5748152067
2228,6083416496
2229,6922851711
2230,7076466202
2231,7852855995
2232,8592849135
2233,9167196390
2234,9734093405
2235,12273357532
2236,12794209214
2237,13219566985
2238,14528150443
2239,14940236099
2240,15312348416
2241,1815834669
2242,33599808
2243,262323425
2244,943361293
2245,1478172174
2246,3327521604
2247,3508947081
2248,5260237164
2249,5715852642
2250,6630609890
2251,8764992524
2252,14060410936
2253,14694551185
2254,14850787321
2255,1823934453
2256,44887896
2257,1068128605
2258,1285746404
2259,1434532404
2260,1656770616
2261,3229806801
2262,3866027456
2263,4969026507
2264,5192396462
2265,6764196637
2266,7881565127
2267,11037870277
2268,13507464522
2269,14210480642
2270,14360692612
2271,14804139358
2272,14868175173
2273,14874310757
2274,5063
2275,8246
2276,285749
2277,498965
2278,511800
2279,1862215
2280,4026277
2281,8544868
2282,9874732
2283,10521368
2284,10567238
2285,14146072
2286,65005323
2287,70659199
2288,102705494
2289,103596509
2290,112196295
2291,160336987
2292,178305894
2293,230933521
2294,312031221
2295,313123669
2296,406316570
2297,484472037
2298,545774869
2299,563588759
2300,597818181
2301,597818222
2302,599235553
2303,599454366
2304,635923581
2305,649659814
2306,716461198
2307,763625700
2308,810247819
2309,848532916
2310,875565565
2311,883757890
2312,914118050
2313,990042458
2314,998719731
2315,1003950544
2316,1016256157
2317,1048669098
2318,1071286045
2319,1077088286
2320,1113859794
2321,1125674438
2322,1169377573
2323,1209337361
2324,1218819929
2325,1233184468
2326,1289209731
2327,1296691539
2328,1361907294
2329,1363161779
2330,1367680385
2331,1397897238
2332,1441154967
2333,1467274197
2334,1534820062
2335,1553305159
2336,1621538574
2337,1641507481
2338,1697683744
2339,1711247443
2340,1741003785
2341,1742883029
2342,1752004947
2343,1768094198
2344,1844403637
2345,1889996847
2346,1954013581
2347,1959659825
2348,1963465457
2349,2012255597
2350,2045801596
2351,2050435794
2352,2074153311
2353,2092958964
2354,2099708145
2355,2802342470
2356,3080169024
2357,3098418717
2358,3145038878
2359,3310383171
2360,3741665357
2361,4263760150
2362,4577958592
2363,4605202077
2364,4623099166
2365,4764744656
2366,4815672524
2367,4851941999
2368,4917581819
2369,5088450740
2370,5472379281
2371,5520789928
2372,5952734868
2373,6001950451
2374,6286306930
2375,6712105582
2376,6980338860
2377,7025366213
2378,7322409972
2379,7337787674
2380,7722332667
2381,7752766935
2382,7849526799
2383,7944609460
2384,8009685442
2385,8111260702
2386,8652750243
2387,8825206716
2388,9303912565
2389,10201502752
2390,10520114888
2391,10543845521
2392,10580721901
2393,10676182448
2394,10869070691
2395,10904762828
2396,11650587094
2397,11789461985
2398,12053261269
2399,12750759687
2400,14007680735
2401,14650403096
2402,14757306667
2403,15101201177
2404,15152671611
2405,15370585491
2406,15519150511
2407,16529953781
2408,16572757867
2409,16713644340
2410,2097070739
2411,2090055730
2412,2067144021
2413,2028251930
2414,2007335309
2415,1970563225
2416,1962644880
2417,1950048670
2418,1699740065
2419,1597760557
2420,4754
2421,16206
2422,1232915
2423,1861446
2424,5971299
2425,8021989
2426,13104294
2427,26352515
2428,32325178
2429,35816561
2430,42443219
2431,85085374
2432,118443251
2433,123915412
2434,135400095
2435,149096081
2436,174439320
2437,183097396
2438,192626096
2439,224442236
2440,283354192
2441,324639808
2442,344955914
2443,348301913
2444,367982655
2445,438064769
2446,456570728
2447,602154666
2448,603960262
2449,607612105
2450,669581913
2451,718050996
2452,740051647
2453,761865631
2454,787476314
2455,810671656
2456,868757049
2457,951609280
2458,983752436
2459,1072686469
2460,1078512180
2461,1114085190
2462,1143811761
2463,1188854228
2464,1269247762
2465,1290870014
2466,1330746489
2467,1420010900
2468,1446393552
2469,1607040017
2470,1758796540
2471,1777023656
2472,1845846758
2473,1869832799
2474,2002616575
2475,3010012202
2476,3617122161
2477,3749796562
2478,4767582814
2479,4857385773
2480,4932184468
2481,5013073036
2482,5119352636
2483,5179016441
2484,5591065440
2485,6222571970
2486,6530185065
2487,6695238169
2488,7383181107
2489,8020605150
2490,8110563339
2491,8116235094
2492,8179229669
2493,8185622523
2494,8591671293
2495,8820468568
2496,8907165085
2497,9110370607
2498,9174040583
2499,9326771704
2500,9425025788
2501,9601252146
2502,9679860999
2503,10203072771
2504,10340657769
2505,10623034028
2506,11016402095
2507,11074945335
2508,11151822242
2509,11486778050
2510,11555794785
2511,11642705468
2512,12170635720
2513,14153987749
2514,14381716581
2515,15347515809
2516,15469671270
2517,1.6001e+10
2518,16124214265
2519,16441055656
2520,16880455996
2521,16948576571
2522,17152953767
2523,17203866973
2524,17293811978
2525,17469513283
2526,17488810180
2527,17562799308
2528,17597515196
2529,17684768344
2530,2129171264
2531,2095716213
2532,1894726125
2533,1885063392
2534,1774668831
2535,1714700858
2536,1632873027
2537,1619973935
2538,1618682387
2539,1595110210
2540,7093
2541,14088
2542,1232132
2543,9874746
2544,16638543
2545,30219216
2546,45883989
2547,49146057
2548,78290055
2549,85444920
2550,117342597
2551,125871360
2552,170540115
2553,180607521
2554,255051075
2555,289596301
2556,362471336
2557,397967313
2558,598874638
2559,605236762
2560,687350299
2561,725086718
2562,747500562
2563,861656087
2564,863149148
2565,913350187
2566,921920674
2567,953545471
2568,1009153992
2569,1068122348
2570,1070281168
2571,1100010545
2572,1113277453
2573,1135496723
2574,1293798500
2575,1367267968
2576,1401394268
2577,1431228070
2578,1492316667
2579,1503234437
2580,1542710955
2581,1645148655
2582,1709629706
2583,1785111113
2584,1899628067
2585,1991699289
2586,2000906787
2587,2001194748
2588,2024770422
2589,3069546142
2590,3442878913
2591,3487304091
2592,3711778759
2593,3832027482
2594,3880369549
2595,4168572117
2596,4238697941
2597,4373933464
2598,4683824147
2599,4687499672
2600,4930150755
2601,5018003614
2602,5625040626
2603,5748874141
2604,5970946508
2605,6165900627
2606,6588112682
2607,6705225644
2608,6802809645
2609,7023426628
2610,7111709095
2611,7235425740
2612,7276700384
2613,7382772943
2614,7395964618
2615,7735950113
2616,7916292453
2617,8379333727
2618,8384333832
2619,8467634005
2620,8508185383
2621,8672866152
2622,9581763577
2623,10604830517
2624,10652553292
2625,10722605996
2626,10840568803
2627,10895343269
2628,10924607642
2629,11320597771
2630,11617636966
2631,12063894585
2632,1.2238e+10
2633,12299082252
2634,13524109938
2635,13548788594
2636,13597598788
2637,13736265258
2638,14917010100
2639,15579905336
2640,15650900690
2641,15747945146
2642,16728236573
2643,17010678809
2644,17015067445
2645,17159606329
2646,17397512836
2647,17606431606
2648,17685829432
2649,17700599289
2650,17722538585
2651,17836871110
2652,18208623293
2653,18279208176
2654,18292132298
2655,18294847919
2656,18574321998
2657,18597061637
2658,4886
2659,14420
2660,15290
2661,1179916
2662,15758249
2663,29397484
2664,35718845
2665,38089127
2666,42813227
2667,48667411
2668,53316439
2669,71101606
2670,72889413
2671,74673862
2672,84785475
2673,102999005
2674,107818289
2675,131206751
2676,350126605
2677,358815841
2678,428200212
2679,431968533
2680,607242968
2681,654958402
2682,695474983
2683,799060836
2684,807427182
2685,841470443
2686,927337896
2687,994122304
2688,1004794942
2689,1014791873
2690,1025069547
2691,1033772861
2692,1045027388
2693,1048722800
2694,1150086847
2695,1170921261
2696,1228757314
2697,1294320692
2698,1311283201
2699,1348440437
2700,1350117637
2701,1391388117
2702,1411756158
2703,1411757990
2704,1456639690
2705,1461657165
2706,1484021252
2707,1508668804
2708,1537548019
2709,1567889047
2710,1580504613
2711,1597080873
2712,1627518555
2713,1668998526
2714,1682298343
2715,1706931064
2716,1712526073
2717,1746101993
2718,1749174309
2719,1819441317
2720,1899371315
2721,1900530884
2722,1902336025
2723,1940693129
2724,1958474740
2725,2061667196
2726,2065704867
2727,2072549318
2728,2925679703
2729,3027544724
2730,3397220049
2731,3461402219
2732,3467799372
2733,3471559488
2734,3744294093
2735,4391850592
2736,4737314910
2737,4963111301
2738,6319948922
2739,6470981480
2740,6760589274
2741,7103976729
2742,7247089877
2743,7390305213
2744,8039530166
2745,8497242336
2746,8729647142
2747,8797486384
2748,8957457502
2749,9371914539
2750,9690485070
2751,9913191587
2752,10287682995
2753,10372679538
2754,10418714466
2755,11450755214
2756,12303767956
2757,12555552404
2758,12696929624
2759,12860930896
2760,14231025031
2761,14684117584
2762,14808570988
2763,15019791957
2764,15141742064
2765,15496109529
2766,15571012545
2767,15600583831
2768,15667546145
2769,15712139184
2770,15768726326
2771,15818803596
2772,15959949366
2773,16033490947
2774,16052562350
2775,16052674731
2776,16119260057
2777,16144009327
2778,16175584799
2779,8777
2780,10246700
2781,14351711
2782,21938531
2783,28079005
2784,31965254
2785,35963258
2786,50674848
2787,58622231
2788,86363465
2789,86548584
2790,215438955
2791,225864044
2792,274444931
2793,314426892
2794,363917554
2795,508218578
2796,510080158
2797,597666166
2798,724972745
2799,739571404
2800,744092475
2801,800906557
2802,880975536
2803,973267941
2804,980963812
2805,1020513572
2806,1058256226
2807,1085707640
2808,1090496861
2809,1114955745
2810,1280327115
2811,1293674182
2812,1348464164
2813,1352569609
2814,1392156834
2815,1402315577
2816,1416834371
2817,1634674672
2818,1819743886
2819,1839048378
2820,1847559062
2821,1967022317
2822,1990898298
2823,2967070929
2824,3242862027
2825,3602412245
2826,3700447381
2827,3712705226
2828,4001843967
2829,4014374265
2830,4812878784
2831,5310135831
2832,6496465523
2833,6836793794
2834,6868910557
2835,7028248742
2836,7226517270
2837,7669163691
2838,8629542582
2839,8902275964
2840,9010471606
2841,9595137207
2842,10749377374
2843,10808990631
2844,11027649873
2845,11129819031
2846,11911734351
2847,12125577946
2848,12234243130
2849,12243011546
2850,12878334930
2851,13722223150
2852,14465225762
2853,14744779851
2854,14953141837
2855,15242325036
2856,15294585310
2857,15651557055
2858,15728801412
2859,15954124329
2860,4556
2861,9154
2862,1228181
2863,7658166
2864,18359485
2865,19820533
2866,50927765
2867,66535042
2868,87568828
2869,203764807
2870,279254868
2871,383427893
2872,423623186
2873,506875076
2874,614607583
2875,731688638
2876,906508560
2877,985788521
2878,1031369659
2879,1065028325
2880,1113980068
2881,1189640332
2882,1207851421
2883,1247671250
2884,1247785750
2885,1310950348
2886,1444550721
2887,1449346016
2888,1456600306
2889,1472944984
2890,1622536041
2891,1681042063
2892,1681286111
2893,1829802334
2894,1913591689
2895,1954831409
2896,2059829176
2897,2061110107
2898,2108697226
2899,2129693103
2900,2138078208
2901,3101166094
2902,3418087509
2903,3500274933
2904,3639112987
2905,4041514407
2906,4144275722
2907,4980036953
2908,5016590697
2909,5822410340
2910,5851569289
2911,6249498287
2912,7137477343
2913,7188775535
2914,7391175505
2915,7515522300
2916,7580921512
2917,7763007977
2918,8147462350
2919,8731492415
2920,8775873412
2921,8836827613
2922,8976659525
2923,9370782084
2924,9373897016
2925,9392755172
2926,9822822822
2927,9992416965
2928,10541797642
2929,10589414228
2930,10627218384
2931,11312799588
2932,12820251752
2933,13409126748
2934,13672378149
2935,14708643384
2936,14765126502
2937,15060008607
2938,15740657666
2939,16275141140
2940,16319801366
2941,16408542727
2942,16883951191
2943,16965895211
2944,17035264167
2945,17093480894
2946,17209193283
2947,1179524
2948,26352334
2949,31966158
2950,50444743
2951,67243443
2952,75188521
2953,107918392
2954,277693687
2955,291467624
2956,302753686
2957,360924007
2958,376057842
2959,402803730
2960,416908920
2961,508531747
2962,509833043
2963,598761454
2964,615001808
2965,689527986
2966,947740386
2967,1066256552
2968,1107030480
2969,1347122797
2970,1550322455
2971,1716338663
2972,1809028375
2973,1953414945
2974,1971362834
2975,2002611134
2976,2086012982
2977,2126220638
2978,3127937879
2979,5477411180
2980,5550993514
2981,5861985888
2982,5865717825
2983,5893831405
2984,5894121688
2985,5913493149
2986,6444388206
2987,6528890003
2988,6590671853
2989,6634364863
2990,6868388724
2991,7003870688
2992,7595877672
2993,7681475530
2994,7903690469
2995,8252661498
2996,8542317011
2997,8543776175
2998,8885271472
2999,9277526981
3000,9335386308
3001,9673930868
3002,10077052561
3003,10153224538
3004,10346859717
3005,11503626640
3006,11586991883
3007,12912012811
3008,15695545283
3009,16426643177
3010,16777332841
3011,16909222166
3012,6957
3013,14106
3014,14346
3015,1229644
3016,62022151
3017,79470097
3018,84367016
3019,109687899
3020,123251112
3021,651730152
3022,779871600
3023,805616207
3024,881403369
3025,912071772
3026,1017036664
3027,1094379187
3028,1154677738
3029,1187927136
3030,1200707248
3031,1208071558
3032,1257889971
3033,1272337341
3034,1288550263
3035,1290471705
3036,1343488015
3037,1434859812
3038,1446652418
3039,1462370885
3040,1486122394
3041,1520529551
3042,1535288117
3043,1578962606
3044,1632463961
3045,1675642789
3046,1760528027
3047,1812028864
3048,1855020459
3049,1913620957
3050,1965989519
3051,2079715761
3052,2829726152
3053,3315189761
3054,3957432393
3055,4127022023
3056,4252322959
3057,4255362027
3058,4688602746
3059,4769187479
3060,4891094969
3061,5244423128
3062,5295739533
3063,5585106917
3064,6048181405
3065,6134971079
3066,6369562341
3067,6388899194
3068,7007692982
3069,8002236766
3070,9244591875
3071,9313585411
3072,10228303375
3073,11722262758
3074,12030011460
3075,12161026207
3076,12923261771
3077,13481157089
3078,13777177684
3079,15062553098
3080,15983183945
3081,16405449134
3082,5846
3083,2584704
3084,5612698
3085,17214301
3086,55688939
3087,60771214
3088,88927883
3089,274243633
3090,307281878
3091,311938884
3092,558657095
3093,605420074
3094,755205404
3095,932187690
3096,966241687
3097,1107494380
3098,1140373458
3099,1188767844
3100,1209227882
3101,1339493744
3102,1437273297
3103,1663206176
3104,1668024216
3105,1803271723
3106,1975520252
3107,2102730052
3108,2775510876
3109,3002923721
3110,4354602070
3111,4588174221
3112,4640750596
3113,5366966715
3114,6087107424
3115,6229462729
3116,6448185583
3117,6565675511
3118,6723608358
3119,6794449184
3120,7107360019
3121,7192920013
3122,7641966253
3123,7673266228
3124,8432480050
3125,8461505958
3126,9195647603
3127,9244935246
3128,9332039654
3129,9481917344
3130,10040039906
3131,13353868163
3132,14612745716
3133,15004843208
3134,15722683775
3135,16224541666
3136,16778922233
3137,16922926045
3138,2084390454
3139,2044217346
3140,2033633255
3141,1617258361
3142,1609953032
3143,1608215915
3144,1567553211
3145,11119525
3146,28966666
3147,47878118
3148,82428882
3149,108220444
3150,124329689
3151,128329693
3152,204467747
3153,207088657
3154,326316190
3155,418091088
3156,696515418
3157,830651240
3158,1006033828
3159,1039836611
3160,1159401824
3161,1222953881
3162,1279663852
3163,1366815159
3164,1383008293
3165,1553326095
3166,1640371393
3167,1659103237
3168,1681288180
3169,1715085949
3170,1748904248
3171,1876101359
3172,1918588298
3173,1930601677
3174,1938128232
3175,2093436627
3176,2109524312
3177,2768070742
3178,2971765378
3179,3326476233
3180,3774372605
3181,3852028477
3182,4215420071
3183,4705261170
3184,4906697157
3185,5575835420
3186,5961441784
3187,6757300455
3188,6901292421
3189,7022246488
3190,7157080149
3191,7264054627
3192,7425220875
3193,7467186368
3194,7647872582
3195,7830648840
3196,7920615521
3197,9027294834
3198,9867688790
3199,10079537740
3200,10249847673
3201,10976342479
3202,11591064806
3203,12234761595
3204,13549706155
3205,14534971269
3206,17163291166
3207,17414222322
3208,17996794438
3209,18193667880
3210,18204223545
3211,18287014909
3212,18384514169
3213,2058453519
3214,1948281696
3215,1858947495
3216,1794790053
3217,1591200628
3218,20450621
3219,56237415
3220,153713807
3221,167056118
3222,314208187
3223,328038847
3224,336141964
3225,474575318
3226,650614361
3227,715158974
3228,861818162
3229,902041647
3230,914456518
3231,1070366353
3232,1100693863
3233,1172423811
3234,1250956442
3235,1290596370
3236,1385923993
3237,1509199124
3238,1520545959
3239,1560416448
3240,1643812005
3241,2125826299
3242,2799444445
3243,2936959009
3244,3304466132
3245,3430882246
3246,3585880930
3247,4128205278
3248,4468732520
3249,5758905138
3250,5871722883
3251,7118288314
3252,7740656942
3253,7756927334
3254,8545758553
3255,8546266766
3256,9167024340
3257,9554151556
3258,9587329206
3259,9806734359
3260,10843602105
3261,11020732275
3262,13117890304
3263,13235847786
3264,13798534118
3265,17332877699
3266,17517994030
3267,17837481819
3268,18027729231
3269,18175850681
3270,18187547036
3271,1869007557
3272,1634141110
3273,7311
3274,1250270
3275,8330348
3276,18049770
3277,33306688
3278,36320657
3279,38753361
3280,82558875
3281,85898107
3282,109736981
3283,132432547
3284,134651349
3285,138432962
3286,180757051
3287,201643397
3288,244370846
3289,281181103
3290,309640382
3291,761297752
3292,900363405
3293,1470052360
3294,1529738735
3295,1576985359
3296,1774384885
3297,2834365567
3298,5449495340
3299,6128176339
3300,6247702767
3301,6837405437
3302,7485170503
3303,7896241998
3304,8363483330
3305,14468835860
3306,14664199623
3307,15205012180
3308,15387584288
3309,17217597872
3310,17379751876
3311,17764931046
3312,17788467337
3313,17806067430
3314,17969878996
3315,3323147199
3316,15945784045
3317,10796266
3318,84707011
3319,14259877449
3320,15048152228
3321,3146671153
3322,1042398138
3323,8659195859
3324,294708972
3325,441211790
3326,1045282394
3327,8396
3328,7920139956
3329,13099515919
3330,15184765272
3331,16357755978
3332,5399166
3333,10026064551
3334,1963995492
3335,1960654061
3336,1576495505
3337,491048037
3338,559234889
3339,994027899
3340,1187448916
3341,1469453617
3342,2835094072
3343,3653128489
3344,4382109083
3345,4492658852
3346,5747544566
3347,6060477900
3348,6070645049
3349,7468186003
3350,7808612632
3351,8807387672
3352,9231633480
3353,9273337721
3354,9768416299
3355,10641595342
3356,11203128763
3357,11504702497
3358,12192870069
3359,13139184531
3360,13695476290
3361,14650333640
3362,14765161092
3363,14891589881
3364,15575727260
3365,15741214227
3366,15866391592
3367,16023841134
3368,1936933645
3369,1915929010
3370,1903572021
3371,1606280831
3372,44043490
3373,46623355
3374,59338756
3375,383555155
3376,1059877369
3377,1074701607
3378,1362263639
3379,1528545175
3380,1976520786
3381,1990259205
3382,2018742834
3383,2054657887
3384,3032835316
3385,3381023113
3386,3524842970
3387,4513268852
3388,5461079707
3389,5496389724
3390,6139879382
3391,6153784690
3392,6181313072
3393,7429642579
3394,8046899795
3395,9532579777
3396,9644833277
3397,9652194281
3398,9749900772
3399,10241088702
3400,10726091878
3401,10869098747
3402,11333298995
3403,11922913376
3404,13117845792
3405,13847173544
3406,17126238224
3407,17397244872
3408,17407685037
3409,2063489788
3410,2055484971
3411,1728940542
3412,4728
3413,5833
3414,77051193
3415,266627526
3416,962131948
3417,1026393004
3418,1120716377
3419,1188980342
3420,1815533073
3421,2952237567
3422,3141387166
3423,3697210401
3424,3782353199
3425,4135994588
3426,5195493501
3427,5587609474
3428,5923362433
3429,5933964405
3430,6407135283
3431,7031999291
3432,7514933234
3433,7522591410
3434,7853052737
3435,9102231440
3436,10558209538
3437,12593889348
3438,13549575404
3439,13601688015
3440,14234373877
3441,14459745462
3442,15654562321
3443,16533795599
3444,16556651327
3445,16563196929
3446,18118961117
3447,18516725319
3448,18645016507
3449,1590828173
3450,48796178
3451,71040810
3452,159974829
3453,864451134
3454,1075154109
3455,1190836975
3456,1441162004
3457,1475609793
3458,1655537917
3459,1828425153
3460,2880603912
3461,3097560643
3462,6131809956
3463,12623831062
3464,13127316562
3465,14380386509
3466,16170784408
3467,1579026379
3468,1567078989
3469,4629654
3470,283094994
3471,646039248
3472,929999268
3473,1069860883
3474,1126748302
3475,1250138693
3476,1412638613
3477,1515035478
3478,2009499708
3479,5991657969
3480,6914116865
3481,7578190268
3482,7809992552
3483,7889641157
3484,8227363080
3485,8393500973
3486,9019982566
3487,9746775381
3488,10737280136
3489,11090136848
3490,14983178060
3491,1638661743
3492,7176
3493,423760211
3494,1075997704
3495,1159614719
3496,1336144900
3497,1336298183
3498,1658596818
3499,3466732582
3500,4980361014
3501,6909886906
3502,8103736488
3503,8735965063
3504,9479926505
3505,10617370634
3506,10905976920
3507,13204040260
3508,14675947537
3509,16778962985
3510,1880645962
3511,72889389
3512,355326277
3513,680750754
3514,1072859153
3515,1218933947
3516,1869594693
3517,1960102005
3518,2136799525
3519,2147123671
3520,3556869958
3521,3606619592
3522,3662286498
3523,4209778877
3524,5866098128
3525,10234509561
3526,10800638961
3527,11141690319
3528,11429353231
3529,13950364836
3530,15858366317
3531,16440666678
3532,17096159284
3533,2089646367
3534,1908560717
3535,1877322628
3536,1658470144
3537,15747
3538,1264316
3539,215992325
3540,244609999
3541,271143461
3542,1015701631
3543,1073922111
3544,1371537693
3545,1583221958
3546,1891976374
3547,7166166283
3548,7436756982
3549,11957315679
3550,13695852673
3551,13815617048
3552,15193035479
3553,1790799797
3554,10209093
3555,1080889419
3556,1640485340
3557,1770528519
3558,4518209738
3559,4629619554
3560,7385677393
3561,8189898980
3562,8942589786
3563,11278598109
3564,11436973602
3565,12611533016
3566,12712656424
3567,14357390959
3568,15478916641
3569,16193466690
3570,16372933566
3571,16773870850
3572,5172
3573,5794
3574,481728
3575,355769565
3576,757742931
3577,1068127472
3578,1470451070
3579,1520196310
3580,1984609162
3581,1990300978
3582,2021945536
3583,3073779835
3584,6698300677
3585,7754381077
3586,7946075332
3587,8129059476
3588,8678051368
3589,9277478519
3590,9628271823
3591,11772754617
3592,13469426399
3593,13931240765
3594,14555819835
3595,17615794888
3596,17675661024
3597,18381345641
3598,18458595785
3599,2071920478
3600,1917407822
3601,1755125616
3602,1661198284
3603,23209364
3604,186356373
3605,258476631
3606,785769285
3607,1889202073
3608,3125126189
3609,4079178893
3610,4750342474
3611,7671380189
3612,8745570733
3613,9123837336
3614,9696443117
3615,11035110992
3616,12089442487
3617,12697189977
3618,17249576989
3619,17783251059
3620,18059227239
3621,18171631319
3622,6167379
3623,847138179
3624,1284828879
3625,1462143704
3626,2794707608
3627,3021830055
3628,4323346968
3629,8558563442
3630,9716803244
3631,10768338374
3632,11155679822
3633,13121005185
3634,14529115216
3635,17828478901
3636,2054524346
3637,1914509817
3638,1776411694
3639,1635090703
3640,5292
3641,19930744
3642,60693117
3643,108921205
3644,118105511
3645,122915884
3646,124837976
3647,151321673
3648,154984057
3649,164073741
3650,198699959
3651,229105023
3652,280096312
3653,339580865
3654,349566146
3655,420419975
3656,458142720
3657,472334913
3658,522989639
3659,601827398
3660,607114384
3661,622012888
3662,710346707
3663,732060525
3664,802811679
3665,886702716
3666,946871693
3667,1016428002
3668,1088917530
3669,1094561402
3670,1096939494
3671,1149861148
3672,1190333443
3673,1220686388
3674,1269141837
3675,1411765529
3676,1428367175
3677,1428737648
3678,1457114996
3679,1636619205
3680,1669162074
3681,1681425740
3682,1707187665
3683,1728782394
3684,1806803122
3685,1895780806
3686,1947884726
3687,1949850789
3688,2055959475
3689,2122675306
3690,2770271705
3691,2788402295
3692,2818256322
3693,2947686784
3694,2958002584
3695,3012907255
3696,3219648461
3697,3399889462
3698,3549019610
3699,3630256983
3700,3630574870
3701,3673254197
3702,3706570071
3703,4065544873
3704,4089594162
3705,4996346333
3706,5036861469
3707,5080953886
3708,5128519014
3709,5131574178
3710,5185867955
3711,5404311548
3712,5872427957
3713,5893497565
3714,6105155818
3715,6257868448
3716,6441916705
3717,6476496278
3718,6554714279
3719,6838442699
3720,7203852673
3721,7391972353
3722,8216698233
3723,8594192005
3724,8905491862
3725,8923478075
3726,8983525984
3727,9085472973
3728,9153216576
3729,9494949660
3730,10147981626
3731,10209662678
3732,10399982480
3733,10612178014
3734,10681007251
3735,10907771888
3736,10962892556
3737,11017680386
3738,11574576517
3739,11760266113
3740,13154820908
3741,13220419228
3742,15213515710
3743,16136957935
3744,16149931126
3745,16359963094
3746,16907363645
3747,16907989151
3748,17257917230
3749,17335124004
3750,17378752133
3751,17886942263
3752,18844566660
3753,19023085994
3754,19255746909
3755,19352741325
3756,19572406116
3757,19675762482
3758,19774279748
3759,2082603503
3760,1972287318
3761,1920418848
3762,1853350313
3763,1835127464
3764,1817728997
3765,1632115999
3766,5703
3767,1064871
3768,9621089
3769,11823306
3770,19190226
3771,20072935
3772,23162846
3773,39841596
3774,85034771
3775,114642223
3776,134220532
3777,342836253
3778,380585123
3779,385947256
3780,483580375
3781,598837073
3782,607931648
3783,824066342
3784,842795957
3785,938636638
3786,988197261
3787,995360865
3788,1011227505
3789,1023655041
3790,1067137480
3791,1080291059
3792,1201157452
3793,1206794433
3794,1212911320
3795,1232357871
3796,1290887225
3797,1344605591
3798,1379687556
3799,1411760403
3800,1421339707
3801,1441552435
3802,1494485409
3803,1531972087
3804,1623730410
3805,1704722858
3806,1812642988
3807,1937396877
3808,2013114356
3809,2051568673
3810,2088308631
3811,2096697761
3812,2106789464
3813,2774882675
3814,2875046438
3815,2899675369
3816,2958057892
3817,3032205970
3818,3417184904
3819,3454342115
3820,3474981001
3821,4014705225
3822,5044444973
3823,5345287173
3824,5395929228
3825,5520502831
3826,5632869853
3827,5760852425
3828,5958448546
3829,6208444515
3830,6496622644
3831,6630616837
3832,6940269766
3833,7118273121
3834,7271126673
3835,7402210953
3836,7458468855
3837,7627519059
3838,7998867023
3839,8170653003
3840,8495548332
3841,9315132052
3842,11510880725
3843,13742575327
3844,13788092952
3845,15368813206
3846,16001001167
3847,16392694324
3848,18993101057
3849,19165905732
3850,19892302092
3851,20002267567
3852,20418264844
3853,20470854676
3854,20512829623
3855,20573759657
3856,2124681843
3857,2094516795
3858,2061771302
3859,2033611578
3860,1982217127
3861,1940696751
3862,1723518712
3863,1547556993
3864,5742
3865,7231
3866,15815
3867,1108035
3868,6827410
3869,7019332
3870,12825173
3871,13395988
3872,13531529
3873,19459669
3874,31945002
3875,38547354
3876,43897928
3877,44075128
3878,54691068
3879,69863409
3880,91798076
3881,97535164
3882,119710617
3883,140679810
3884,140799570
3885,180812879
3886,182710929
3887,281722449
3888,333423542
3889,366454780
3890,371434781
3891,430201530
3892,430830425
3893,458065617
3894,494023200
3895,581437765
3896,584515700
3897,601336896
3898,684706950
3899,690845321
3900,735528615
3901,770382991
3902,869307275
3903,932569643
3904,1000720298
3905,1066707989
3906,1075335855
3907,1077361755
3908,1078575840
3909,1130770712
3910,1131023457
3911,1133436784
3912,1167331927
3913,1173212929
3914,1180836109
3915,1239833337
3916,1247358866
3917,1255459570
3918,1264254845
3919,1290979643
3920,1320182381
3921,1333797861
3922,1353790268
3923,1357121492
3924,1381103242
3925,1381936754
3926,1467270309
3927,1528663302
3928,1606983892
3929,1648384057
3930,1679815251
3931,1724411994
3932,1814219789
3933,1820243489
3934,1941127336
3935,1964241915
3936,1989513320
3937,2026938633
3938,2034392356
3939,2060436434
3940,2093557752
3941,2788852731
3942,2801459348
3943,2822827781
3944,3133718163
3945,3160368679
3946,3545783337
3947,3617410951
3948,3864980850
3949,4642392546
3950,4650133439
3951,5264087212
3952,6049248524
3953,6511526682
3954,6543484684
3955,6552989836
3956,6567365308
3957,6672105984
3958,6896489734
3959,7296245896
3960,7393746049
3961,7513842216
3962,7595833482
3963,7679019099
3964,7972547893
3965,8037110299
3966,8080804015
3967,8287649544
3968,8434687275
3969,8529360010
3970,8552425096
3971,8725918709
3972,8837035995
3973,8912126966
3974,9393984002
3975,9500654811
3976,9860288026
3977,10269560319
3978,10541592455
3979,10667489513
3980,11168681237
3981,11395552134
3982,11455147165
3983,12403784672
3984,12560530418
3985,13480277008
3986,13531836516
3987,13935115391
3988,13994916274
3989,14202829975
3990,14738003467
3991,15826756924
3992,16450856262
3993,16521034166
3994,16959585443
3995,17497177404
3996,17588217190
3997,17810892461
3998,18575342659
3999,18751568316
4000,18850213852
4001,19357953621
4002,19398864338
4003,19411367862
4004,19791949224
4005,20164002548
4006,20272739870
4007,20301672032
4008,20342814579
4009,20436677811
4010,20650071879
4011,21048283648
4012,21209834675
4013,21241434556
4014,21540166187
4015,21553984192
4016,21586871708
4017,21621289953
4018,21625941721
4019,21661966243
4020,21662006641
4021,21729087202
4022,21817929238
4023,2131264546
4024,2066698634
4025,1936942262
4026,1907200655
4027,1842968079
4028,1730570779
4029,1611738311
4030,1575727934
4031,11108786
4032,26714992
4033,27607985
4034,31051424
4035,77075003
4036,99970640
4037,112995986
4038,154057334
4039,157882997
4040,208381117
4041,215279275
4042,298867191
4043,303322797
4044,494478136
4045,535358916
4046,703415827
4047,759676256
4048,814985247
4049,827345199
4050,839524692
4051,919020832
4052,931075960
4053,997266806
4054,1076487582
4055,1078136762
4056,1160879901
4057,1304060771
4058,1391856217
4059,1456219655
4060,1678716835
4061,1982839857
4062,2022772666
4063,2065952519
4064,2096879241
4065,2920883300
4066,3053745475
4067,3324720541
4068,3560077297
4069,3718615730
4070,3832739731
4071,4593146739
4072,5098919210
4073,5129769018
4074,5379640732
4075,5766310703
4076,6688497393
4077,7023456755
4078,7188895515
4079,7451720500
4080,7889881271
4081,8111855414
4082,8119532926
4083,8144720839
4084,8194952463
4085,9056099353
4086,9126036143
4087,9274826280
4088,9378452239
4089,9381495747
4090,9426846241
4091,9619124007
4092,9885550336
4093,10946299225
4094,11419669467
4095,11964716710
4096,12227935666
4097,14133862721
4098,14315813697
4099,14871166986
4100,15321555205
4101,15441887282
4102,16159738769
4103,16167571586
4104,16876252722
4105,17093545236
4106,17439335810
4107,17591141905
4108,17594873021
4109,17613995963
4110,18502424791
4111,18634520261
4112,19041000342
4113,19042742166
4114,19085447771
4115,19102096355
4116,19108107269
4117,19230894323
4118,19302540403
4119,2091390430
4120,2026834718
4121,1874781599
4122,6492
4123,1180018
4124,5703203
4125,23607301
4126,31967600
4127,52779501
4128,103593523
4129,109040681
4130,334071354
4131,375091081
4132,749208558
4133,853943070
4134,894570031
4135,916056568
4136,981236371
4137,1068204188
4138,1122273413
4139,1232919338
4140,1453329852
4141,1462432734
4142,1687502572
4143,1738872402
4144,1833638668
4145,1918583661
4146,1920507744
4147,2039250508
4148,2853930119
4149,2967042042
4150,3635774375
4151,3836251867
4152,3984237082
4153,4795154018
4154,5390769463
4155,6151242718
4156,6888876269
4157,7078596986
4158,7308522067
4159,7827566284
4160,7833812821
4161,8279898024
4162,8316792905
4163,8823643834
4164,9010219343
4165,9597981107
4166,10423516272
4167,10662020591
4168,10707241355
4169,10912367949
4170,11564860619
4171,13572411995
4172,14681257770
4173,14765634481
4174,15392147409
4175,15770068650
4176,16624848576
4177,17230680378
4178,17332041201
4179,17452620336
4180,17610469893
4181,18265883411
4182,18553757915
4183,18588811754
4184,18677731142
4185,18703802470
4186,18917436302
4187,18946773307
4188,18998980637
4189,1964385233
4190,1623571996
4191,1621459215
4192,9236384
4193,29348900
4194,129524754
4195,282348863
4196,338321783
4197,384516507
4198,442227183
4199,496309463
4200,587121813
4201,632142597
4202,686534945
4203,786912438
4204,868713631
4205,1000027287
4206,1018933074
4207,1060583836
4208,1274845718
4209,1459683271
4210,1584178125
4211,1606130235
4212,1785943481
4213,1857345883
4214,1874813592
4215,2028159479
4216,2073618104
4217,3013498540
4218,3153813160
4219,3516792952
4220,4222201646
4221,4309370710
4222,4367634753
4223,4945966953
4224,5010696214
4225,5165240922
4226,5749545580
4227,6540895081
4228,6848091440
4229,7225933659
4230,7262687900
4231,7325388269
4232,8638117518
4233,8794431311
4234,10447755509
4235,15152553086
4236,15408769914
4237,17288139503
4238,17618980807
4239,17659355851
4240,18935885437
4241,18995904919
4242,19167077196
4243,19792008407
4244,20310686657
4245,20376302485
4246,1912057782
4247,1888457367
4248,1678326636
4249,1597758325
4250,15115881
4251,18061610
4252,37335594
4253,38063048
4254,270827966
4255,375338056
4256,442503006
4257,597951236
4258,685263878
4259,705951920
4260,747680431
4261,824659624
4262,831786867
4263,838104098
4264,1153819903
4265,1249250228
4266,1369308156
4267,1550313353
4268,1611002157
4269,1673566016
4270,1679801348
4271,1703856771
4272,2964790668
4273,3054409218
4274,3148938121
4275,3346554839
4276,3403425940
4277,3828832088
4278,4151661572
4279,4276434703
4280,5408974675
4281,5969373995
4282,5970559348
4283,6515914007
4284,6775374256
4285,8280393853
4286,8822984578
4287,9752852722
4288,11431500925
4289,14140102862
4290,17703225119
4291,18587574503
4292,18632889541
4293,18954315804
4294,19205784871
4295,19997175580
4296,20019102136
4297,20072023738
4298,20084151433
4299,20185568027
4300,6615
4301,1861650
4302,8934335
4303,81602742
4304,126721044
4305,179312292
4306,233185817
4307,315793264
4308,421297457
4309,681883178
4310,1021874417
4311,1071920702
4312,1146215715
4313,1269569465
4314,1349825066
4315,1367227634
4316,1392549983
4317,1617764548
4318,1966449007
4319,2114917690
4320,3021814867
4321,3075168288
4322,3522337145
4323,3573176548
4324,3721836110
4325,3792808567
4326,4602634648
4327,4985736100
4328,5163040095
4329,5517586089
4330,5595495547
4331,5643172894
4332,5954709253
4333,6207815876
4334,6234039165
4335,7382326340
4336,7392326579
4337,7541601100
4338,7593849904
4339,7756807256
4340,8753124325
4341,9680657656
4342,10399887226
4343,10437835387
4344,11417167514
4345,14421872719
4346,17059275767
4347,19437468962
4348,19533496991
4349,1756398456
4350,1682158153
4351,31943500
4352,129277013
4353,311730019
4354,314346305
4355,594617866
4356,759197579
4357,902605872
4358,934346341
4359,1043669692
4360,1216558648
4361,1445845558
4362,1469412172
4363,1896093963
4364,2087973877
4365,3234184029
4366,3768967049
4367,3774368986
4368,4359558662
4369,5238944151
4370,5313889964
4371,5717722180
4372,6480858551
4373,6885738520
4374,7262452208
4375,7847285645
4376,8358205997
4377,9829902647
4378,10513472559
4379,11132811712
4380,11987970328
4381,17311882293
4382,18372943206
4383,18883028399
4384,19128081249
4385,19621642971
4386,2101237291
4387,2099529156
4388,2085822549
4389,2081207553
4390,1942594961
4391,6670
4392,14940223
4393,17169440
4394,17923136
4395,42898953
4396,57404903
4397,63236636
4398,191324179
4399,201407549
4400,276294553
4401,400849103
4402,413169263
4403,474515471
4404,529524982
4405,562945954
4406,598818068
4407,605714013
4408,724859547
4409,781083293
4410,1004621261
4411,1010047139
4412,1057295778
4413,1095585076
4414,1108352663
4415,1123782652
4416,1178342732
4417,1178753708
4418,1202856318
4419,1214566511
4420,1236465030
4421,1257920320
4422,1293727189
4423,1329759668
4424,1336294561
4425,1431436675
4426,1450874779
4427,1945520543
4428,1977025662
4429,3131521939
4430,3409545441
4431,4170119095
4432,4392672280
4433,4491442152
4434,4664295330
4435,6035154155
4436,6361595889
4437,6431540096
4438,6844561801
4439,6845121110
4440,7641975543
4441,8084793983
4442,8309390337
4443,8387838558
4444,8741691889
4445,8769908810
4446,9506309206
4447,9945851289
4448,10003293506
4449,10451614951
4450,11377300540
4451,14882264659
4452,15584999459
4453,16965319282
4454,17877827206
4455,18577342709
4456,19195202739
4457,19647891690
4458,20342210307
4459,20382654974
4460,20485282990
4461,20490833070
4462,21307997984
4463,2026711118
4464,2002558466
4465,1994250388
4466,1704518897
4467,17911416
4468,187453508
4469,193252230
4470,215660281
4471,226039353
4472,293549553
4473,553508808
4474,597736319
4475,598837106
4476,811550103
4477,825030434
4478,1108364372
4479,1197521074
4480,1219748615
4481,1640370190
4482,1713089351
4483,1956310149
4484,2949263681
4485,3301073750
4486,4732138739
4487,4888623633
4488,4942478758
4489,5073475588
4490,5260638782
4491,5295396217
4492,5438265324
4493,6443608028
4494,6444676738
4495,6625330766
4496,7109650687
4497,8227131281
4498,8328344697
4499,8836503166
4500,9633536442
4501,10075480189
4502,10532188447
4503,11076230563
4504,13122429095
4505,13478777583
4506,14342216945
4507,14469271899
4508,14472114190
4509,15505148313
4510,17028398999
4511,17315966243
4512,19362773468
4513,20649190275
4514,20761234654
4515,20884412144
4516,21117315862
4517,21124438684
4518,21171937703
4519,2129720213
4520,1643476037
4521,9690790
4522,115638467
4523,375338067
4524,414782781
4525,451895384
4526,472369915
4527,798268318
4528,814205250
4529,879463179
4530,994253134
4531,1078300772
4532,1401471447
4533,1549071454
4534,1653960890
4535,1672220385
4536,3254396055
4537,3561789552
4538,3735525853
4539,4586245492
4540,6647310553
4541,9905893840
4542,10454626933
4543,13341518934
4544,14136263795
4545,14388095200
4546,14389746556
4547,17463458208
4548,18672346109
4549,20189104543
4550,20486939114
4551,20820134142
4552,20823648574
4553,20958336905
4554,13309408142
4555,282897551
4556,5248641818
4557,16158511473
4558,17017042428
4559,20650610976
4560,1097295558
4561,3002067449
4562,3317693178
4563,12128401325
4564,13772610904
4565,14220956344
4566,16158516573
4567,8288742095
4568,16158554114
4569,19750322034
4570,1095755992
4571,1427731564
4572,2767221053
4573,3382945467
4574,4111456711
4575,9558040905
4576,11380547630
4577,21459122893
4578,4324296751
4579,6759544779
4580,7096133662
4581,10657187856
4582,16338538797
4583,17805967504
4584,21234523517
4585,2001729062
4586,1221787755
4587,1381114081
4588,2099400356
4589,4143589737
4590,6893414826
4591,10221552221
4592,1661049725
4593,292354455
4594,1075006527
4595,8032441830
4596,14801258782
4597,909440727
4598,13590925321
4599,430219373
4600,14860895837
4601,15085
4602,301591840
4603,418247511
4604,1028682194
4605,1721840046
4606,10496773455
4607,11914464165
4608,1621825728
4609,84746401
4610,290434148
4611,320358046
4612,336414567
4613,995128159
4614,1122766282
4615,1398827842
4616,2081607736
4617,2945083303
4618,2970024311
4619,3042967053
4620,3069680078
4621,4755785706
4622,5002490787
4623,7794291198
4624,8499975196
4625,9498769203
4626,12880619090
4627,13304930326
4628,15164886385
4629,16373489152
4630,17157066075
4631,17326367293
4632,17873790334
4633,18578374117
4634,18782577366
4635,19589927426
4636,2049807482
4637,1797143474
4638,8764
4639,8915823
4640,309946182
4641,466398038
4642,684462614
4643,713959333
4644,1626615224
4645,2062679104
4646,2080759355
4647,3037622217
4648,3129987405
4649,3188218842
4650,4504996776
4651,4537818251
4652,4563301935
4653,5199804475
4654,5424509821
4655,5460395313
4656,6413157056
4657,7615709069
4658,8450822219
4659,8858386794
4660,9350624573
4661,11611843569
4662,12412642689
4663,13554737165
4664,14303940237
4665,14637904367
4666,15220918441
4667,16096890560
4668,16098517656
4669,17836501742
4670,19824803779
4671,19834036424
4672,19975055258
4673,20134319925
4674,20239678387
4675,20506220966
4676,2002952713
4677,1868018737
4678,2584688
4679,233021523
4680,414792555
4681,712275931
4682,776342318
4683,922455708
4684,1171675992
4685,1494702285
4686,1964003033
4687,3220706237
4688,3836014358
4689,4862684059
4690,4904782656
4691,6462947112
4692,7082035249
4693,7757455510
4694,9814570170
4695,9865626156
4696,14128002282
4697,14806615882
4698,16068437586
4699,17887982649
4700,18696030030
4701,19602635667
4702,19775373965
4703,20327879961
4704,21436437430
4705,21722217262
4706,1715668596
4707,1852663
4708,2267691
4709,425963416
4710,502402804
4711,589724751
4712,854739414
4713,972152094
4714,1054559317
4715,1554439124
4716,1665450198
4717,1698085245
4718,2993976168
4719,3889314866
4720,5674411976
4721,7620278834
4722,10039302873
4723,12574845306
4724,13246985278
4725,13718314912
4726,15238642850
4727,15380368821
4728,15502270227
4729,18159278922
4730,18407878563
4731,18453385629
4732,19102599594
4733,19146767041
4734,2092963804
4735,2063491547
4736,2059113275
4737,2001445530
4738,31077045
4739,1024502666
4740,1075059213
4741,1446642598
4742,1738800362
4743,1791995926
4744,5367668227
4745,6026041195
4746,6720796126
4747,9222553299
4748,10474293130
4749,13005906110
4750,16803695571
4751,18869439877
4752,2108890859
4753,1868988763
4754,10591070
4755,61686494
4756,253598273
4757,508472784
4758,570651998
4759,1482185921
4760,1659557107
4761,4275533184
4762,4756385692
4763,6154642967
4764,6998269244
4765,7362189531
4766,7663758992
4767,8163916780
4768,8840328580
4769,9008587742
4770,9369384028
4771,11037788930
4772,14318432286
4773,14984717358
4774,15496100810
4775,15962351995
4776,16158539694
4777,18228713110
4778,18562568863
4779,20170288311
4780,1753353091
4781,121824020
4782,1067140142
4783,1354768969
4784,1415776261
4785,4234259986
4786,4651678677
4787,7085505311
4788,9153802409
4789,9512332827
4790,15500019161
4791,16355597944
4792,16781604987
4793,18486564485
4794,18821170791
4795,19857243645
4796,20250671588
4797,1970541999
4798,18432
4799,375773127
4800,489033049
4801,997532265
4802,5203390093
4803,7453814448
4804,10897003672
4805,13329001321
4806,14339108253
4807,18211007735
4808,1863135922
4809,133013468
4810,481506628
4811,599577012
4812,1144974791
4813,1673337523
4814,3205121089
4815,4426156837
4816,5520175844
4817,5588542155
4818,7456839993
4819,16416757091
4820,19748577054
4821,380447464
4822,601094193
4823,999056833
4824,1069120595
4825,3585882976
4826,19087040361
4827,19094382730
4828,19208063531
4829,19912532833
4830,20908516557
4831,21311260354
4832,21323041009
4833,21484286549
4834,16559845
4835,905605921
4836,982906043
4837,1177149617
4838,7231595878
4839,8219662652
4840,8955426535
4841,9744285734
4842,10453928188
4843,13750131264
4844,13890034246
4845,15326109257
4846,19092657564
4847,20263495739
4848,20429208410
4849,1929965762
4850,1840789297
4851,1821261366
4852,1665082698
4853,1173309
4854,1183403944
4855,1586147950
4856,2132349185
4857,4992937922
4858,6489846106
4859,7136846889
4860,7932972875
4861,9077668948
4862,11117862430
4863,11574828292
4864,15264077007
4865,15363755107
4866,20811183863
